{"mean":{"confidence_interval":{"confidence_level":0.95,"lower_bound":885133551.6,"upper_bound":903827035.68},"point_estimate":894485460.2,"standard_error":4769649.723398491},"median":{"confidence_interval":{"confidence_level":0.95,"lower_bound":880406095.5,"upper_bound":906202088.0},"point_estimate":894672426.5,"standard_error":6886265.892903196},"median_abs_dev":{"confidence_interval":{"confidence_level":0.95,"lower_bound":2525428.1779646873,"upper_bound":26633230.96526563},"point_estimate":15714047.46901989,"standard_error":5943431.032975727},"slope":null,"std_dev":{"confidence_interval":{"confidence_level":0.95,"lower_bound":9120849.334951969,"upper_bound":20109762.244004108},"point_estimate":15904215.206562985,"standard_error":2815761.711513732}}