{"mean":{"confidence_interval":{"confidence_level":0.95,"lower_bound":1006009151.9,"upper_bound":1086074937.8},"point_estimate":1041814940.1,"standard_error":20364104.466510084},"median":{"confidence_interval":{"confidence_level":0.95,"lower_bound":1004442062.5,"upper_bound":1093205205.5},"point_estimate":1018859299.5,"standard_error":18263680.047348764},"median_abs_dev":{"confidence_interval":{"confidence_level":0.95,"lower_bound":2631743.9394772053,"upper_bound":92491790.31134248},"point_estimate":24406425.850099325,"standard_error":21994605.461921062},"slope":null,"std_dev":{"confidence_interval":{"confidence_level":0.95,"lower_bound":16032624.37233891,"upper_bound":86181843.55515032},"point_estimate":68095551.73882931,"standard_error":18134994.42613133}}