{"mean":{"confidence_interval":{"confidence_level":0.95,"lower_bound":954721620.845,"upper_bound":1074687661.2875},"point_estimate":1001308333.8,"standard_error":33089630.934526548},"median":{"confidence_interval":{"confidence_level":0.95,"lower_bound":944996560.0,"upper_bound":1010229744.0},"point_estimate":962764633.0,"standard_error":17132326.856743567},"median_abs_dev":{"confidence_interval":{"confidence_level":0.95,"lower_bound":5589126.137173176,"upper_bound":74793471.80905044},"point_estimate":26587946.431669593,"standard_error":19069414.79011849},"slope":null,"std_dev":{"confidence_interval":{"confidence_level":0.95,"lower_bound":16415829.31516382,"upper_bound":167586755.8136988},"point_estimate":110144195.60178421,"standard_error":49825211.84977021}}