{"mean":{"confidence_interval":{"confidence_level":0.95,"lower_bound":905989902.4599999,"upper_bound":928002171.3050001},"point_estimate":916836758.2,"standard_error":5624339.293978695},"median":{"confidence_interval":{"confidence_level":0.95,"lower_bound":904247551.0,"upper_bound":933016306.0},"point_estimate":914100291.0,"standard_error":6748238.441720821},"median_abs_dev":{"confidence_interval":{"confidence_level":0.95,"lower_bound":2296126.3008356094,"upper_bound":33267747.239479423},"point_estimate":19550490.61920941,"standard_error":8490199.337665195},"slope":null,"std_dev":{"confidence_interval":{"confidence_level":0.95,"lower_bound":10360535.523174988,"upper_bound":23388924.312927883},"point_estimate":18667790.48114391,"standard_error":3329679.7774403347}}