{"mean":{"confidence_interval":{"confidence_level":0.95,"lower_bound":1081418562.9275,"upper_bound":1277833721.1},"point_estimate":1154308837.0,"standard_error":56259769.697268076},"median":{"confidence_interval":{"confidence_level":0.95,"lower_bound":1065864323.5,"upper_bound":1142107670.0},"point_estimate":1101846483.5,"standard_error":25704205.763728015},"median_abs_dev":{"confidence_interval":{"confidence_level":0.95,"lower_bound":4832889.696899056,"upper_bound":90395058.13966691},"point_estimate":56456921.446189284,"standard_error":25041781.19290348},"slope":null,"std_dev":{"confidence_interval":{"confidence_level":0.95,"lower_bound":24739262.177172218,"upper_bound":287357144.3379704},"point_estimate":186934577.78567165,"standard_error":92647430.46439354}}