{"mean":{"confidence_interval":{"confidence_level":0.95,"lower_bound":7065266830.1,"upper_bound":7553835044.2},"point_estimate":7302762330.3,"standard_error":124483313.64669846},"median":{"confidence_interval":{"confidence_level":0.95,"lower_bound":7042223476.0,"upper_bound":7627239695.5},"point_estimate":7281335834.5,"standard_error":99543990.3665376},"median_abs_dev":{"confidence_interval":{"confidence_level":0.95,"lower_bound":8303444.964784384,"upper_bound":808214307.1092278},"point_estimate":91285207.4573636,"standard_error":244067241.36859807},"slope":null,"std_dev":{"confidence_interval":{"confidence_level":0.95,"lower_bound":192865342.35469928,"upper_bound":537849784.1004914},"point_estimate":413332670.475009,"standard_error":90876964.70168842}}