{"mean":{"confidence_interval":{"confidence_level":0.95,"lower_bound":874115401.3366667,"upper_bound":892418677.1516666},"point_estimate":882820105.7666667,"standard_error":4701197.968353636},"median":{"confidence_interval":{"confidence_level":0.95,"lower_bound":868432700.5,"upper_bound":889653121.0},"point_estimate":873761143.0,"standard_error":5619831.339357379},"median_abs_dev":{"confidence_interval":{"confidence_level":0.95,"lower_bound":12829375.680533051,"upper_bound":34880995.4054385},"point_estimate":23561446.164500713,"standard_error":5448195.624206829},"slope":null,"std_dev":{"confidence_interval":{"confidence_level":0.95,"lower_bound":18068794.822908543,"upper_bound":31961024.070840485},"point_estimate":26149270.805866797,"standard_error":3566477.089307808}}