{"mean":{"confidence_interval":{"confidence_level":0.95,"lower_bound":1087636592.0525,"upper_bound":1114080557.7125},"point_estimate":1100440043.4,"standard_error":6785879.5936457915},"median":{"confidence_interval":{"confidence_level":0.95,"lower_bound":1081202103.5,"upper_bound":1123811874.0},"point_estimate":1092245663.5,"standard_error":12425034.98815348},"median_abs_dev":{"confidence_interval":{"confidence_level":0.95,"lower_bound":4513972.064360976,"upper_bound":37001489.94819224},"point_estimate":23669472.846382856,"standard_error":8930726.135890193},"slope":null,"std_dev":{"confidence_interval":{"confidence_level":0.95,"lower_bound":13662781.510285882,"upper_bound":26413766.275173813},"point_estimate":22701498.371966355,"standard_error":3193581.6542137633}}