{"mean":{"confidence_interval":{"confidence_level":0.95,"lower_bound":1176848510.1,"upper_bound":1250202868.2599998},"point_estimate":1212362545.4,"standard_error":18735865.062875897},"median":{"confidence_interval":{"confidence_level":0.95,"lower_bound":1160659784.5,"upper_bound":1275426085.0},"point_estimate":1180934900.0,"standard_error":38980312.24585333},"median_abs_dev":{"confidence_interval":{"confidence_level":0.95,"lower_bound":3185970.202937722,"upper_bound":97538405.69004714},"point_estimate":41272162.90907264,"standard_error":28286910.22355888},"slope":null,"std_dev":{"confidence_interval":{"confidence_level":0.95,"lower_bound":37954462.899193875,"upper_bound":71281328.98174073},"point_estimate":62460594.08736793,"standard_error":8324940.962038129}}