{"mean":{"confidence_interval":{"confidence_level":0.95,"lower_bound":704287206.9625001,"upper_bound":716873382.4233334},"point_estimate":710495368.6666666,"standard_error":3229462.5157053447},"median":{"confidence_interval":{"confidence_level":0.95,"lower_bound":696509788.5,"upper_bound":722088557.5},"point_estimate":706367683.0,"standard_error":6398074.06960366},"median_abs_dev":{"confidence_interval":{"confidence_level":0.95,"lower_bound":11102415.803092718,"upper_bound":28390472.94716835},"point_estimate":22692642.57992506,"standard_error":4064901.838443402},"slope":null,"std_dev":{"confidence_interval":{"confidence_level":0.95,"lower_bound":14703157.089033348,"upper_bound":20293936.784596603},"point_estimate":17971660.80247418,"standard_error":1419944.5481014785}}