{"mean":{"confidence_interval":{"confidence_level":0.95,"lower_bound":885077198.825,"upper_bound":903855298.4366666},"point_estimate":894203002.8,"standard_error":4787505.120011744},"median":{"confidence_interval":{"confidence_level":0.95,"lower_bound":880837499.0,"upper_bound":901331384.5},"point_estimate":889872469.0,"standard_error":5122360.74818349},"median_abs_dev":{"confidence_interval":{"confidence_level":0.95,"lower_bound":13022395.371106267,"upper_bound":37883102.45524049},"point_estimate":25110416.208600998,"standard_error":6305309.7500738045},"slope":null,"std_dev":{"confidence_interval":{"confidence_level":0.95,"lower_bound":18772838.187136155,"upper_bound":33084801.464953166},"point_estimate":26516479.401671663,"standard_error":3700907.8951648255}}