{"mean":{"confidence_interval":{"confidence_level":0.95,"lower_bound":1098182129.3,"upper_bound":1130066565.2724998},"point_estimate":1113283884.7,"standard_error":8163884.486873813},"median":{"confidence_interval":{"confidence_level":0.95,"lower_bound":1093730706.5,"upper_bound":1136702475.5},"point_estimate":1098098378.5,"standard_error":13648235.035519298},"median_abs_dev":{"confidence_interval":{"confidence_level":0.95,"lower_bound":1749899.4055330753,"upper_bound":51029717.465141416},"point_estimate":14508706.292518973,"standard_error":13222552.783871433},"slope":null,"std_dev":{"confidence_interval":{"confidence_level":0.95,"lower_bound":13675166.717333557,"upper_bound":34212387.42325709},"point_estimate":27336508.137835618,"standard_error":5243685.613891902}}