{"mean":{"confidence_interval":{"confidence_level":0.95,"lower_bound":913060771.57,"upper_bound":1074183611.7},"point_estimate":974054922.7,"standard_error":45157047.36374675},"median":{"confidence_interval":{"confidence_level":0.95,"lower_bound":907768108.0,"upper_bound":971646893.0},"point_estimate":920790557.5,"standard_error":21118652.392261304},"median_abs_dev":{"confidence_interval":{"confidence_level":0.95,"lower_bound":5771292.454639077,"upper_bound":78963281.26982152},"point_estimate":41275137.74591982,"standard_error":22438153.284128133},"slope":null,"std_dev":{"confidence_interval":{"confidence_level":0.95,"lower_bound":21466135.438299548,"upper_bound":231029539.04379493},"point_estimate":150892673.75959742,"standard_error":71989994.37986486}}